gene_symbol,combined_weight,min_P_value_adj_FDR,contributing_blocks
hypotaurine,0.20363333284401106,1.2271666584200972e-12,metabolomics
creatinine,0.19860549760230162,6.156104649492262e-5,metabolomics
citricacid,0.19286544299150804,3.3809160349928465e-12,metabolomics
L-mimosine,0.19231145688065113,2.9904025738658985e-7,metabolomics
maltose,0.18504119522342455,5.373777930447722e-9,metabolomics
fructose,0.17140778300484744,5.2722392652974225e-8,metabolomics
oleic acid,0.1476798712332264,4.616746434068252e-6,metabolomics
xylitol,0.14305487925682478,3.4609568781542685e-5,metabolomics
docosahexaenoic acid,0.13877303503130844,2.646883875382366e-6,metabolomics
glyceric acid,0.13650414093741642,3.1618922317434036e-6,metabolomics
L-leucine,0.13553766917033686,3.145922582023717e-8,metabolomics
D-glucose,0.13502170280187276,1.3991936251614215e-4,metabolomics
L-glutamic acid,0.13159665056583178,0.001091894610714498,metabolomics
pantothenic acid,0.12037583340519582,0.0011006128169488707,metabolomics
stearic acid,0.11297844117406741,4.5071003374224327e-4,metabolomics
palmitic acid,0.10778199222785272,8.054265967047022e-4,metabolomics
glycine,0.10402911591250584,0.03532244305845623,metabolomics
N-formylglycine,0.10378839039735305,0.016568542610207977,metabolomics
L-methionine,0.10206763571253574,1.685199418646015e-4,metabolomics
L-aspartic acid,0.10026081363556522,0.030802658321073758,metabolomics
homocysteine,0.09777194473129204,0.3247831142018905,metabolomics
DL-isoleucine,0.09482674511523873,0.016568542610207977,metabolomics
D-sorbitol,0.08715736052514675,0.03532244305845623,metabolomics
L-glutamine,0.08670915796555535,0.04374305530283392,metabolomics
cholesterol (spectral match),0.08614356682122383,0.03532244305845623,metabolomics
propylene glycol,0.08128976392424855,0.016568542610207977,metabolomics
pyrophosphate,0.07736341097217299,0.41592511702590484,metabolomics
myo-inositol,0.07573970608801532,0.22757359283005826,metabolomics
aminomalonic acid (spectralmatch),0.07480164105973094,0.19171731034202935,metabolomics
D-mannitol,0.0726534215158348,0.040587091969504656,metabolomics
heptadecanoic acid,0.07094006863474987,0.013218118345214542,metabolomics
linoleic acid,0.07088510264065331,0.016568542610207977,metabolomics
sucrose,0.06747927614366274,0.02147353205715858,metabolomics
L-serine,0.06674502844353063,0.1557029202539777,metabolomics
lactic acid,0.06592535407923003,0.09216404675432084,metabolomics
putrescine,0.06587742469281821,0.037702938390247756,metabolomics
PCLO,0.06077268455412575,3.073345205736355e-39,proteomics;transcriptomics
CIT,0.05963417182043086,1.0491475120696062e-23,proteomics;transcriptomics
PTPRT,0.0592661710547658,1.0864508936407432e-23,proteomics;transcriptomics
BSN,0.059243995909057476,3.373774350893012e-35,proteomics;transcriptomics
MAPT,0.05823203386166937,2.921595250937779e-17,proteomics;transcriptomics
PRKCE,0.057991733535334156,6.621779352362156e-20,proteomics;transcriptomics
SCAI,0.05774431146943188,1.0453293124054255e-21,proteomics;transcriptomics
AMPH,0.05718766668561134,1.5347389539221843e-22,proteomics;transcriptomics
OPCML,0.05693421569545576,6.598177822604097e-21,proteomics;transcriptomics
SVOP,0.05605874733646358,1.9338654068546186e-19,proteomics;transcriptomics
MTURN,0.05576516457912832,1.688547484014633e-22,proteomics;transcriptomics
PRKN,0.05501765893498015,1.2730340862525942e-16,proteomics;transcriptomics
DGKB,0.05464496680360065,2.912647448584915e-14,proteomics;transcriptomics
NSF,0.054305845869904223,9.245938033191358e-15,proteomics;transcriptomics
NGEF,0.054018812069299565,2.564474108535656e-21,proteomics;transcriptomics
L-alanine,0.05386347210714298,0.5141815989063335,metabolomics
SYNPR,0.053598385227531874,1.4719438962579395e-16,proteomics;transcriptomics
GLS,0.05355483223291568,7.656994912119497e-18,proteomics;transcriptomics
glycolic acid,0.052468783156080126,0.3877567696542463,metabolomics
VIM,0.05204799605648623,9.33414024539382e-19,proteomics;transcriptomics
SPHKAP,0.05193658626605628,3.448645191278002e-12,proteomics;transcriptomics
DGKI,0.05186972423313119,9.967077369938426e-16,proteomics;transcriptomics
SNCA,0.05172976499294048,1.863715880455214e-15,proteomics;transcriptomics
PTPRD,0.05133181173018403,3.933278207298489e-10,proteomics;transcriptomics
LSAMP,0.050709832433898414,2.2402990637276024e-13,proteomics;transcriptomics
phosphoric acid (spectral match),0.05053259024278556,0.11982172392854581,metabolomics
PRKCB,0.050460047896911005,3.0317709083852725e-17,proteomics;transcriptomics
NCALD,0.04892927782057839,2.4942369486729526e-11,proteomics;transcriptomics
NEFL,0.04881181498454662,7.549566436843704e-19,proteomics;transcriptomics
PDHX,0.04859598271970715,1.2602848204203825e-19,proteomics;transcriptomics
NTM,0.048264815669943166,2.0112576586477177e-11,proteomics;transcriptomics
GDA,0.048197529268317524,1.2969098724399018e-15,proteomics;transcriptomics
NEBL,0.048082854317352444,3.31121138720587e-14,proteomics;transcriptomics
MOBP,0.048081868996978555,7.084145775882037e-11,proteomics;transcriptomics
D-gluconic acid,0.04789873847503207,0.24016729687086397,metabolomics
NFASC,0.046814734107704016,6.438029789075181e-13,proteomics;transcriptomics
AUH,0.0462625701510566,3.647831966423651e-16,proteomics;transcriptomics
MSN,0.045247555739909004,9.440285916525092e-9,proteomics;transcriptomics
N-acetyl-L-aspartic acid,0.04456976805258903,0.7595003120258117,metabolomics
MGLL,0.04415185274145816,3.0324374911148336e-10,proteomics;transcriptomics
MLIP,0.0438017427388763,6.0097994188935794e-24,proteomics;transcriptomics
NES,0.04277276211161378,3.889297011891026e-13,proteomics;transcriptomics
SPARC,0.04142870940578949,1.4674870533775414e-9,proteomics;transcriptomics
scyllo-inositol,0.04100003604465004,0.4857223911209451,metabolomics
MBP,0.04016207092345843,3.894061235174535e-6,proteomics;transcriptomics
galactitol,0.04016056753104461,0.3519157891594848,metabolomics
PTPRS,0.039779970297950294,2.639965940633346e-16,proteomics;transcriptomics
uracil,0.03940597404609953,0.9485349091463883,metabolomics
DPYD,0.03911634083996557,3.836904628024927e-6,proteomics;transcriptomics
CNP,0.03901603875521522,7.818730339991209e-10,proteomics;transcriptomics
L-lysine,0.03884518817289061,0.012743366921060725,metabolomics
ABAT,0.03867733739703729,6.53298289972409e-8,proteomics;transcriptomics
phenylalanine,0.038547643697615853,0.11982172392854581,metabolomics
TRIQK,0.03850472980191028,5.805257022904348e-11,proteomics;transcriptomics
TNC,0.03789851921646169,1.9389807830210554e-6,proteomics;transcriptomics
SPTB,0.03714956603892429,6.0097994188935794e-24,proteomics;transcriptomics
PXDN,0.03670114524337645,2.0664022925186703e-5,proteomics;transcriptomics
CPE,0.03542355284161386,2.169181213555104e-7,proteomics;transcriptomics
D (+) galactose,0.03536064967889481,0.4857223911209451,metabolomics
TNR,0.03531124406723038,3.3747910098736637e-9,proteomics;transcriptomics
phosphoenolpyruvic acid,0.03519142647642439,0.5362571451752556,metabolomics
TGFBI,0.03493607704960883,4.012250184022433e-5,proteomics;transcriptomics
LPA,0.03488271380907724,2.2247524941268744e-22,proteomics;transcriptomics
MT-CYB,0.034817749653744276,4.443776793456836e-6,proteomics;transcriptomics
PTPRC,0.03471272438819835,6.770254514532814e-5,proteomics;transcriptomics
CFH,0.03385416962171634,5.335789530088877e-8,proteomics;transcriptomics
HLA-DRA,0.03353444866986356,5.166117762228298e-7,proteomics;transcriptomics
CADPS,0.033165664260557025,8.221433693859745e-14,proteomics;transcriptomics
SGCD,0.032511626194058355,2.7284153350867268e-5,proteomics;transcriptomics
L-valine,0.031540710071434185,0.24016729687086397,metabolomics
SNRPN,0.031447077480252605,2.3893233911604767e-12,proteomics;transcriptomics
SGTB,0.0313413862399974,1.2022424451459296e-19,proteomics
MADD,0.03126232596605001,1.2805612048236807e-17,proteomics
ITPKA,0.031182060594386874,5.9125164869941736e-21,proteomics
NRCAM,0.031143830279779017,2.9364594873071665e-10,proteomics;transcriptomics
CP,0.03100010611792423,1.277555218679404e-9,proteomics;transcriptomics
PRKCZ,0.030722314249523566,9.34984688021728e-25,transcriptomics
DCC,0.030670128641967553,5.515713209277958e-7,proteomics;transcriptomics
RALYL,0.030608722371808575,9.93944707981219e-29,transcriptomics
PDHB,0.03060685490717674,9.453791177251455e-19,proteomics
OGDHL,0.030477286700732506,9.05311404110141e-18,proteomics
ROGDI,0.03045804656214812,1.1675608821801672e-15,proteomics
PRKCG,0.030142619642264338,2.9167705478632573e-17,proteomics
DGKE,0.030066539382209042,9.967077369938426e-16,proteomics
CAMKV,0.029794278883967046,6.008589598032332e-14,proteomics
UQCRB,0.02978480284671552,5.526391430450935e-17,proteomics
PSD,0.029777574911258285,8.01303274207719e-14,proteomics
LGALSL,0.029714826486498678,1.0617302385933876e-14,proteomics
TF,0.0297006512190304,4.7924179068118695e-11,proteomics;transcriptomics
CS,0.029690031281305748,2.4873566085919418e-18,proteomics
SIRPG,0.0295541010521508,3.327239547014297e-14,proteomics
VCAN,0.0294687245714383,3.754026730471817e-6,proteomics;transcriptomics
DLAT,0.029435792784786353,5.555500771952695e-17,proteomics
ALB,0.02940087666939764,2.3664416655228e-21,proteomics
PIPOX,0.029339789260655634,1.0898932513233208e-4,proteomics;transcriptomics
HRAS,0.029308654223675075,7.453780186092927e-15,proteomics
ISCU,0.029236511710480473,3.0800664177675775e-17,proteomics
IQCJ,0.029207046535860513,9.57652184325313e-22,transcriptomics
PDXP,0.02920528007485699,1.5243907329232912e-11,proteomics
RHOB,0.029187119956483706,7.906106583091392e-13,proteomics
CTIF,0.029070249870548757,1.3797348785242313e-20,transcriptomics
MYRIP,0.02905092108716032,1.1431817840822924e-21,transcriptomics
SNPH,0.02887857461169139,5.652838914041272e-14,proteomics
PTPRR,0.028872293418230326,1.5347389539221843e-22,transcriptomics
TRHDE,0.028727443266199932,7.3098781732824635e-28,transcriptomics
PRNP,0.028686352989099755,1.9905162904056525e-13,proteomics
VEGFA,0.02865571518194597,5.706098542311023e-4,proteomics;transcriptomics
BEGAIN,0.028524966414007237,9.873702508329032e-13,proteomics
CRH,0.0284490819554732,8.423855509436105e-15,proteomics
THRB,0.028448278296653615,1.3438451563267108e-26,transcriptomics
SIRPA,0.02842964626351066,1.8473367984396504e-12,proteomics
NPTN,0.02840143491575109,5.923906955155292e-14,proteomics
AATK,0.028299573250353437,8.260424065433711e-14,proteomics
HLA-A,0.028288330364248798,4.4637919402065626e-4,proteomics;transcriptomics
L-cysteine,0.02821338192440918,0.02196477156960884,metabolomics
SVIP,0.028128980088824453,2.043655303659958e-13,proteomics
NBEA,0.027997717646923746,2.681182002675151e-18,transcriptomics
PHYHIP,0.02799083321548872,6.459375051066037e-12,proteomics
L-pyroglutamic acid,0.027982093200142288,0.5521474085928181,metabolomics
LDHD,0.02784727248747262,9.346415498538878e-16,proteomics
IDS,0.027785631865028877,7.430022362336481e-27,transcriptomics
PALM,0.02775689318376251,6.59019934411777e-11,proteomics
PDPN,0.027736909083944862,0.0019854250700904767,proteomics;transcriptomics
NCDN,0.02764422435939478,1.4709428999280146e-11,proteomics
PNCK,0.027632010029393472,4.101082508053984e-13,proteomics
TESC,0.02761695737522082,1.734951894842643e-14,proteomics
pyruvic acid,0.02758699405266985,0.5752414770853783,metabolomics
SNCB,0.027454772783962043,4.407061717523644e-11,proteomics
QDPR,0.027378953430446124,2.2898027765180933e-13,proteomics
CCK,0.02733809218876434,2.1873274758576472e-12,proteomics
BTRC,0.027165604254701502,5.258398879259049e-16,transcriptomics
ATCAY,0.02713431970295381,4.587436907464466e-10,proteomics
SSPN,0.02702738250894546,8.731970595852767e-6,proteomics;transcriptomics
CYCS,0.027009676879255727,4.0352259847213735e-13,proteomics
APOH,0.02694890643120622,4.945783413196773e-13,proteomics
FCGBP,0.026935705888671772,0.0010519640715097543,proteomics;transcriptomics
CCSAP,0.026683650161688673,3.167720155227338e-9,proteomics
UQCRH,0.026636968119333915,5.634771617714972e-12,proteomics
RERE,0.02656616172058495,2.8303673000707637e-20,transcriptomics
SYP,0.026560332127362522,1.6108352243515414e-9,proteomics
OPALIN,0.02649640198453871,7.595002278385629e-12,proteomics
FAAH,0.026442223090278258,9.567280112473626e-10,proteomics
TPPP,0.02641745072932393,2.678774033989263e-10,proteomics
TYROBP,0.02638476463599104,2.5626608648597593e-12,proteomics
PFKP,0.026360293608629435,2.9532881163944527e-10,proteomics
CRACDL,0.026344001118384402,3.0735370996811785e-23,transcriptomics
HHATL,0.026326662979271546,3.485730346407907e-11,proteomics
ABR,0.02618198289404288,1.7454201665651443e-17,transcriptomics
OMG,0.02597155983184964,4.290766294812912e-9,proteomics
DMTN,0.025933684233587103,3.397974548300754e-11,proteomics
KALRN,0.02583405401382692,4.209894572634513e-18,transcriptomics
SCIN,0.025775145644504522,1.0963526711552923e-4,proteomics;transcriptomics
PRKACB,0.025767160610330946,7.457300819699426e-16,transcriptomics
RERG,0.02576306670261122,1.5786595711111056e-21,transcriptomics
STRBP,0.02574598502171704,4.093991504575865e-16,transcriptomics
L-proline,0.025673496876975233,0.5465553318065413,metabolomics
DTNB,0.025625781722877435,8.409613089432038e-15,transcriptomics
NLK,0.02558712860404347,1.8029388942602096e-18,transcriptomics
UGDH,0.025558322147087444,4.1144024544596257e-10,proteomics
AMBP,0.025499367145527477,2.7595262142695783e-12,proteomics
HLA-B,0.02549096932883462,0.00225755296141974,proteomics;transcriptomics
dehydroascorbic acid,0.025464264765997606,0.7109335737067897,metabolomics
AFM,0.025387078410869478,5.955564754612338e-14,proteomics
CARTPT,0.025341932676344853,2.857210690437886e-10,proteomics
SNCG,0.025325089476655266,2.4529323703838467e-9,proteomics
GLRB,0.025153803711544825,1.943230213071153e-15,transcriptomics
JCAD,0.025064568554269126,4.665875020082042e-15,transcriptomics
PREPL,0.025031357130648316,3.4187591883317566e-16,transcriptomics
NGB,0.02497343435553847,3.3279066895245437e-10,proteomics
campesterol,0.024926806442975923,0.2929358053440029,metabolomics
SYNPO,0.024915107750895758,3.985389032174472e-12,proteomics
FSHR,0.024899224714147208,7.417921834376315e-18,transcriptomics
CNTFR,0.024840683194230807,1.0940889106018688e-8,proteomics
CRTAP,0.024770210386426135,3.1780203351401905e-7,proteomics
PYGL,0.024765331223305626,1.054451222564664e-9,proteomics
CHGB,0.024760587084257643,1.6554264514449294e-7,proteomics
OTOGL,0.024615182072699617,5.4773443007969475e-12,transcriptomics
HPX,0.024595976299507178,2.778470510995214e-10,proteomics
LIPE,0.024579962222788413,2.613952686356895e-10,proteomics
CKB,0.02456008713815573,8.913730181058363e-10,proteomics
CRYM,0.024554939414812904,7.775223109018219e-8,proteomics
HPCA,0.024317372978612663,2.6031197166602585e-7,proteomics
CNST,0.02421655573906387,2.6597358218355276e-14,transcriptomics
PKIA,0.024191841727186594,9.9981841438676e-7,proteomics
YWHAH,0.02407390247363963,1.5767352401021432e-14,transcriptomics
PLG,0.02402937653753379,1.2336228379154263e-10,proteomics
CMIP,0.024022474319942692,7.817054433109911e-20,transcriptomics
PHYHIPL,0.02398358025687257,3.0473642122560543e-7,proteomics
APCS,0.023973706002701437,1.0429626375782934e-10,proteomics
PTPRN,0.023966721147073874,1.218494000388651e-7,proteomics
POSTN,0.02392668067846855,8.207306748164165e-4,proteomics;transcriptomics
PVALB,0.023833058847673862,7.181489522418087e-9,proteomics
sarcosine,0.023708966507103822,0.9990406846443468,metabolomics
PARG,0.02363958947745103,6.6348872892475465e-12,transcriptomics
PIANP,0.0236339786091801,4.4183053747284674e-7,proteomics
YWHAG,0.023561332212621886,2.2519791101958787e-14,transcriptomics
KIT,0.0235365974527541,8.480796892028961e-9,proteomics
RARA,0.02352183299810894,9.206738867768923e-9,proteomics
GMFG,0.023396485373846962,7.433982804092028e-8,proteomics
GC,0.023386631103743737,2.5076148198405365e-10,proteomics
PTGDS,0.023342564919088628,8.67114955158678e-8,proteomics
ALDOC,0.023339991294675753,2.1352275790225918e-8,proteomics
MOG,0.023311567400802025,1.789261329046777e-8,proteomics
SST,0.023268902994720918,3.447251676549255e-7,proteomics
porphine,0.023261907335616096,0.25679128119077754,metabolomics
CHGA,0.02321393358535074,9.064288776289554e-7,proteomics
palatinitol  (spectral match),0.023191731048871497,0.9368356491562106,metabolomics
CRHBP,0.023160059521360007,1.6643996196454284e-6,proteomics
SMPX,0.0231239440861806,2.631664157047017e-9,proteomics
ERMN,0.023090179727807435,3.7541609633561154e-8,proteomics
PAH,0.02305940391373224,3.954999468373324e-12,transcriptomics
TPBG,0.023014122659419194,7.073802227979617e-11,proteomics
CFI,0.02299215047359457,7.80344878705166e-9,proteomics
MIAT,0.022940932897113037,3.8563996659225635e-11,transcriptomics
BICRAL,0.022939442033563916,1.3648652026097268e-12,transcriptomics
RORB,0.02277651244139119,8.957302614488967e-10,transcriptomics
MAG,0.022734149717655933,1.0194756400916188e-8,proteomics
SOBP,0.02272755564896311,9.50444501115457e-11,transcriptomics
IKBIP,0.0224916841456479,3.116589224861081e-7,proteomics
PLLP,0.022463291542787346,2.445085775187023e-7,proteomics
FRY,0.022459103244043273,1.435510524401381e-7,transcriptomics
CFB,0.02245801917380594,1.8048077362485108e-8,proteomics
TYMP,0.022383447737757693,2.820327743809285e-7,proteomics
L-threonine,0.022344459962597266,0.7405444419328133,metabolomics
LPP,0.02233508574872939,1.592664091046957e-4,transcriptomics
LTF,0.022305470466469468,0.002803745452482594,proteomics;transcriptomics
AHSG,0.022256755176017974,1.0815872382712768e-9,proteomics
CTSC,0.022243083857922386,2.3388795662825515e-7,proteomics
NEFM,0.022170456570059675,1.717744946943267e-7,proteomics
PPIC,0.022055580419618994,3.2579191042456836e-6,proteomics
RGMB,0.02198005914301848,2.0113771425254355e-6,proteomics
HRG,0.021949663920506374,8.080157955123378e-9,proteomics
MCUB,0.02187907275550697,2.3528391521709837e-5,transcriptomics
CRPPA,0.02186762434030706,5.630692026267848e-12,transcriptomics
ASPA,0.02185644818142409,2.5804556814892706e-9,proteomics
CYBB,0.02183412495605529,1.0023961837752818e-7,proteomics
MAFF,0.02182617350930584,1.020618497781066e-6,proteomics
CLU,0.02168265955834836,0.009758752824691807,proteomics;transcriptomics
ADTRP,0.021664547014657795,6.556785559035498e-14,transcriptomics
SYBU,0.02166381098163698,2.0352512853430682e-10,transcriptomics
ILRUN,0.021594054378383867,1.0876930692336643e-13,transcriptomics
N-methylalanine,0.021541742216298176,0.5735583871455979,metabolomics
GFAP,0.021440597987830625,7.826766582001823e-5,proteomics;transcriptomics
SCOC,0.021437406891619507,5.929420081361848e-13,transcriptomics
TTR,0.021372269640053246,2.518634212332835e-8,proteomics
ANLN,0.021309743415483962,3.2868388389003645e-7,proteomics
NPY,0.021208941986477835,1.8195987090573166e-5,proteomics
FOCAD,0.021201532331631884,2.1305350204379294e-11,transcriptomics
HBB,0.021169464888284348,4.791615002443101e-7,proteomics;transcriptomics
MRTFB,0.02106519108296136,1.2036377113308739e-14,transcriptomics
AGT,0.020983529856609635,7.165275948573206e-6,proteomics;transcriptomics
NPTXR,0.020904800777942892,2.251778249396825e-4,proteomics
THADA,0.020873209840147035,1.4080020330586894e-6,transcriptomics
GLUL,0.020826847968502767,1.4158674046973387e-6,proteomics;transcriptomics
NEFH,0.02079365741055016,2.0103757799311333e-6,proteomics
VTN,0.02078149544564862,2.953668016179468e-7,proteomics
RELN,0.020762806651753944,1.2355120570309113e-7,transcriptomics
IGFALS,0.020755792126132728,1.5788534222050712e-6,proteomics
APOB,0.02072279522706469,1.6028667383098812e-7,proteomics
MYOF,0.02067591400046618,0.0017063650054574043,transcriptomics
PLAU,0.020663819359421062,1.951256504897636e-5,proteomics
TANK,0.020644926163101096,0.0011020044873719089,transcriptomics
APOM,0.020597286454589445,1.008636352689853e-7,proteomics
PYGM,0.020573822031029598,1.2504750248685311e-7,proteomics
SCAPER,0.020556124153949765,1.9141265066256547e-7,transcriptomics
HCK,0.020448304669929092,2.9682977754691064e-6,proteomics
PSAP,0.020435038974506277,0.001246100568508493,proteomics;transcriptomics
CCNY,0.02041416748910081,6.054935438646199e-9,transcriptomics
PC,0.020412496241819775,5.322156552403552e-7,transcriptomics
CTSS,0.020394523603289604,1.1620742260633526e-5,proteomics
ALCAM,0.020366806022900356,1.2881705588660576e-4,proteomics;transcriptomics
CALR,0.02026469089674628,6.867041920541005e-5,transcriptomics
RALY,0.02023732939089038,2.268412272384259e-6,transcriptomics
CSTA,0.020173911000759524,9.665099613162223e-6,proteomics
GPT,0.02015860699095857,1.0249487185284717e-6,proteomics
LBP,0.020016648184740863,2.7479802902227685e-6,proteomics
NCAN,0.019944843771892703,2.8600530263644928e-5,proteomics;transcriptomics
TSPO,0.019922895640133918,4.084361569694661e-6,proteomics
HP,0.019889861940124674,7.763324636687852e-6,proteomics
ACTB,0.01987001651861816,3.666018770977847e-4,transcriptomics
PLEK,0.019865022806104995,2.0674183155283155e-5,proteomics
MNDA,0.019849387032880875,4.408522285643053e-5,proteomics
BRAF,0.019815116335966554,1.7065950934978913e-9,transcriptomics
PROC,0.019723510113705617,1.3415881075701834e-6,proteomics
ACAN,0.019697639539222413,1.8444339887497967e-6,proteomics
FGG,0.01966715202735783,5.8818951989258054e-6,proteomics
NRGN,0.019610337801774368,8.843566331053596e-5,proteomics
TPRXL,0.019580471944439515,1.6360799483080815e-8,transcriptomics
STS,0.019579760764691867,2.492656182512698e-10,transcriptomics
FGA,0.019462113433000184,5.9129788592520444e-6,proteomics
PRODH,0.019428581675213625,5.947044823044753e-6,proteomics
PTPRK,0.019428422506822293,5.78357355143756e-8,transcriptomics
ARHGDIB,0.019394077968439772,1.5698757910796763e-5,proteomics
AGTRAP,0.019368500064381105,3.366819909028255e-5,proteomics
HTT,0.019332999886098916,1.5694764055028355e-10,transcriptomics
GPHN,0.0193155572059196,1.8074706448233475e-7,transcriptomics
VCL,0.019282938084636443,5.45207427812706e-4,transcriptomics
XK,0.019267366475056457,4.653647452697081e-6,proteomics
CYRIA,0.019207900312004676,7.1534609282515995e-9,transcriptomics
POLN,0.019152559433324428,1.865148177692654e-8,transcriptomics
APOF,0.019151391247904825,6.747409369302142e-6,proteomics
THEMIS,0.019149162199657645,1.2980253846756752e-10,transcriptomics
MPRIP,0.01910240328128577,7.68810546319875e-9,transcriptomics
CYBA,0.019054425653265265,3.391115725163474e-5,proteomics
GUSB,0.018937947919076204,6.690358836318193e-5,proteomics
FTO,0.018731812410364666,7.481964364085897e-6,transcriptomics
FGB,0.01872693324260455,1.8966110575701408e-5,proteomics
DHFR,0.018714685437362218,1.782296401854377e-6,proteomics
FAP,0.018703522592239202,1.6366708713899902e-4,proteomics
fumaric acid,0.018538553709437907,0.6827664798627515,metabolomics
APC,0.018395726311650304,1.486335193293776e-5,transcriptomics
PEPD,0.018384110370255117,1.5279660084305857e-4,transcriptomics
PLTP,0.018306638351683873,1.5925206820326325e-5,proteomics
ANG,0.01826612564372822,2.789644658824554e-5,proteomics
VXN,0.018237926131503292,1.4053118134435977e-5,proteomics
KYNU,0.01809914983993705,0.0085068686364849,transcriptomics
HLA-G,0.018069726567674502,5.1317812604256204e-6,proteomics
TOX,0.01805731658220682,5.391070920325649e-7,transcriptomics
CPVL,0.01799660370976774,9.701966449012898e-4,transcriptomics
CFP,0.017855215425133377,5.414735808370582e-5,proteomics
UACA,0.017796173530397644,0.0012826980546087716,transcriptomics
GPNMB,0.017772342088296193,0.01636375000176683,proteomics;transcriptomics
O-phosphocolamine,0.017715579230428557,0.9368356491562106,metabolomics
DERA,0.017714029774295557,2.372725900003736e-5,transcriptomics
EVL,0.01769806043551698,2.3651832576563405e-5,transcriptomics
RIDA,0.0176491218927534,4.4523341995191024e-5,proteomics
DSE,0.01763787603393382,0.0067932560736751494,transcriptomics
HBD,0.017562000268843695,5.72954300717248e-6,proteomics
DPYS,0.017483226382792264,1.7088532892560007e-8,proteomics;transcriptomics
VGF,0.01746678954656688,0.0014002938013413656,proteomics
SELP,0.017417227954774607,1.5952255997638503e-4,proteomics
LHPP,0.017401088580507863,0.004032323991731496,transcriptomics
CYTOR,0.017375512385385063,0.0036670570712600565,transcriptomics
LUM,0.017368850840463863,0.0014647143201112296,proteomics
HNRNPAB,0.01734841928509847,2.780993156573337e-7,proteomics
NNMT,0.01732384967189401,0.0011995620388760232,proteomics
PPBP,0.01725592860492882,4.685930794056943e-5,proteomics
NORAD,0.017255475794428897,1.4124611393536005e-8,transcriptomics
GSAP,0.017207879120743307,0.006892348494921684,transcriptomics
SQOR,0.017196943027651325,0.0018038779648955065,proteomics
DHRSX,0.017162340043351796,5.273196308668742e-5,transcriptomics
JCHAIN,0.017052908260797483,2.7521040328958648e-5,proteomics
MANBA,0.016946959824818374,0.011005688405288417,transcriptomics
PRKDC,0.016885704791938242,4.4927473944557454e-4,transcriptomics
BMPER,0.016864517414399864,0.012342016751566296,proteomics;transcriptomics
APOE,0.016691560429236776,0.010754472929891996,proteomics;transcriptomics
OSMR,0.016597447930667707,0.020762917132663625,transcriptomics
CXADR,0.016584357687395874,0.00588314417751661,proteomics
CANX,0.016500854248024652,0.001570365541449094,transcriptomics
BCR,0.016484778617666056,0.005944076147513674,transcriptomics
MGP,0.01647033293140406,4.206601208654116e-4,proteomics
LGMN,0.016467839784306607,7.411170315462977e-5,proteomics
FETUB,0.016439455429512664,3.029195813056641e-6,proteomics
BCAN,0.016343216738219386,0.02699370470587039,proteomics;transcriptomics
JUN-DT,0.016267664534892902,4.3336185593779075e-4,transcriptomics
HPR,0.01626456439670698,1.0222559610805599e-4,proteomics
GATM,0.016223752343913145,0.0026233541578363387,proteomics
CAT,0.016223185854354717,1.3376838850114617e-4,proteomics
CBLB,0.016219144447539285,0.006621779817025023,transcriptomics
CAST,0.016215814035135504,0.030770845170287144,transcriptomics
FLNC,0.01620886396985822,5.942804628371652e-4,proteomics
SRPX,0.01610021140386986,4.6311026216379965e-4,proteomics
STRN,0.016011629054244848,3.9111678233802666e-4,transcriptomics
UTRN,0.016002126612386845,0.0045331084141368985,transcriptomics
EVC,0.015964809194487214,0.003279565948242195,transcriptomics
PCOLCE,0.015951287817067363,6.338586590413528e-4,proteomics
LYZ,0.01594906171866354,0.001954314458386347,proteomics
DRAIC,0.015899448962459078,5.519368386438988e-4,transcriptomics
LAYN,0.01584814750089246,2.5683409894972264e-5,proteomics
ITGAV,0.01577887389987557,0.011613119990587475,transcriptomics
PCCA,0.015720553344459733,9.052403867135558e-6,transcriptomics
SERGEF,0.015672701992981278,3.1261765473636794e-4,transcriptomics
RNLS,0.015670649244795044,1.8828686649249856e-5,transcriptomics
AAMDC,0.015628893691431774,1.4429704911766267e-4,transcriptomics
TG,0.015624666652934853,0.011086993481323032,transcriptomics
MCC,0.015612000793257363,0.0023830985095316033,transcriptomics
SPN,0.015573962725658448,2.553105449395333e-4,proteomics
APLF,0.01553297841928428,6.230275030499051e-7,transcriptomics
LCOR,0.015480010183897096,9.316140719175787e-6,transcriptomics
PPCDC,0.015472734343652275,8.984307658724902e-5,transcriptomics
SYK,0.015426234100295956,0.0024785416786968343,transcriptomics
DPT,0.015413728603637298,0.003062412366747029,proteomics
RUBCNL,0.015398664055000025,0.003842836224047217,transcriptomics
PARVB,0.015389672327068069,1.5584673301384722e-6,transcriptomics
PALLD,0.01534823138440386,0.014733409337395944,transcriptomics
RHCE,0.015325179773949408,2.0276992753943393e-4,proteomics
PCNT,0.015319959388953409,1.9105862635537005e-5,transcriptomics
ADIPOQ,0.015277655094256451,8.539590796124211e-4,proteomics
NDN,0.015243444653953655,0.001482333055827196,proteomics
ZBBX,0.015242429946398336,2.729689228337114e-7,transcriptomics
BCHE,0.015235576662827608,4.713482130022117e-6,proteomics
FTL,0.015208757907110718,0.0515710795568975,proteomics;transcriptomics
LYN,0.015185171637771446,0.008910783683122285,transcriptomics
TFEC,0.015164720780707217,0.0140608022843663,transcriptomics
PTN,0.01510659043484244,0.02134928953349643,proteomics;transcriptomics
NPL,0.015087544232861464,2.6976434840882883e-4,proteomics
SPAST,0.015037002487427854,0.0011996140890873756,transcriptomics
SGCG,0.015033003845990408,0.0017950623907927474,transcriptomics
ACACA,0.015005420083715639,0.014397975597134788,transcriptomics
ENPEP,0.014989832509003983,0.014618472747531483,transcriptomics
GLTP,0.014933982406091591,1.808341139405095e-4,proteomics
EEFSEC,0.014925714808049877,3.505221328982868e-4,transcriptomics
HDLBP,0.014919503897817772,0.028491233714541448,transcriptomics
CRYGS,0.014811435597385111,0.0014184778039959482,proteomics
UBC,0.014782945463594911,0.04666664231750442,transcriptomics
ATM,0.014769779690982188,0.002081765907202281,transcriptomics
NOV,0.014707296901208018,0.001017489621843689,proteomics
WRN,0.014682496719531075,0.018991605958695437,transcriptomics
DGKD,0.014637397283700549,0.002817692843552498,transcriptomics
RGN,0.014626654023778758,1.2322527679144718e-4,proteomics
FOS,0.014560735628016077,0.009390901200522748,transcriptomics
PGR,0.014388444748914103,1.2657090398141278e-5,transcriptomics
CLMN,0.014306843198612305,1.43769015779873e-4,transcriptomics
OSMR-DT,0.014281388426456721,0.03513348755479931,transcriptomics
GSTCD,0.014264938928701945,2.0084851693315288e-4,transcriptomics
VDR,0.014147365363358673,0.14136641801837613,transcriptomics
MDFIC,0.014129639969325113,0.08053067836188052,transcriptomics
RDX,0.014117223804187697,0.0069485396279287326,transcriptomics
ITGAM,0.014096751732468481,0.008482754649401828,proteomics
PRKCQ,0.014079150412961608,0.004412724700051418,transcriptomics
PENK,0.013992438067303341,0.02641832299791145,proteomics
TRRAP,0.013914977303516792,0.003624089667456495,transcriptomics
adenine,0.013905341567360873,0.9101410316463886,metabolomics
CATSPERE,0.013896905569177746,1.6625363530318184e-5,transcriptomics
FIRRM,0.013892399656723736,0.0010352122680473664,transcriptomics
MIATNB,0.013809429255941199,0.0024742139055286437,transcriptomics
MTR,0.013793828171881283,0.027090012100460623,transcriptomics
TRIO,0.013779523755411858,0.00792343507514061,transcriptomics
D-malic acid,0.013779032130798511,0.9990389707928093,metabolomics
CALCRL,0.013774896400249441,0.05842864163651569,proteomics;transcriptomics
UVRAG,0.013742410010208407,0.0011354806813994797,transcriptomics
SYNM,0.013717338107418908,5.540346927928938e-4,proteomics
CHM,0.013690550775458365,1.4386709656593841e-6,transcriptomics
BGN,0.013661411429980529,0.03322865686912971,proteomics
NEXMIF,0.013658975270366521,6.66207924478847e-4,transcriptomics
NDP,0.013632918564668924,0.001491009972263777,proteomics
TBCA,0.013629313070773972,0.017933033471494456,transcriptomics
AATF,0.013579448601222762,8.906486314870115e-4,transcriptomics
HLA-DMB,0.01355093170498611,0.003743365396552114,proteomics
PHEX,0.013535352430854438,0.014496764966817156,transcriptomics
BDNF,0.01350090854536067,0.03982311729090783,proteomics
PTPRE,0.013492949347881238,0.0338289490787365,transcriptomics
GMDS-DT,0.01346423472766852,0.0022665398959407414,transcriptomics
PDGFC,0.01344261301363216,0.053793492839014655,transcriptomics
CTSB,0.013442380799799385,0.05744302840504777,transcriptomics
SHPRH,0.013438193004827088,0.006810809530060361,transcriptomics
PIGU,0.013374676882799304,6.936202766889697e-4,transcriptomics
CTSZ,0.013332889909451891,0.010121019610026991,proteomics
NIPBL,0.013310027247510446,0.02413741501812609,transcriptomics
ESRRG,0.013259754512614498,0.004854512199365909,transcriptomics
CNTRL,0.013239612070609955,0.004459888062768647,transcriptomics
PTEN,0.013222046496736552,1.105380326435679e-5,transcriptomics
PRKCA,0.013173334032103976,5.832346884118195e-5,transcriptomics
SHBG,0.013137126821163584,0.003679012022062462,proteomics
DGKH,0.013015220671580665,1.500551215772876e-4,transcriptomics
DYM,0.013008409525647285,7.0986094119968405e-6,transcriptomics
NFIA,0.01295688143326772,4.289200968587407e-5,proteomics;transcriptomics
DEPTOR,0.012940836495750015,0.0039745002313915714,transcriptomics
ANKH,0.012888253817768919,1.567997314752063e-6,transcriptomics
MTTP,0.012886970901805054,0.01716957246929366,proteomics
CPQ,0.012882011042150268,0.057179483378201446,transcriptomics
myristic acid,0.01284104703356936,0.6209515611597656,metabolomics
PRORP,0.012823105702346963,0.008658810624884055,transcriptomics
WLS,0.012744158167032487,7.147683318094685e-4,transcriptomics
ZPBP,0.012737236632400133,1.5978620702413804e-4,transcriptomics
RNGTT,0.012733252779549845,3.349652009318215e-4,transcriptomics
GAPDH,0.012689493453137671,0.04540593869979306,transcriptomics
PIGN,0.012688490449810413,0.02658182896169119,transcriptomics
TAGLN,0.012676658569750303,0.024772262617592467,proteomics
BLM,0.012675687064410919,0.0013597390213359168,transcriptomics
INVS,0.012631498575561017,0.007066499660946883,transcriptomics
NVL,0.012571803576683504,7.504292230050647e-4,transcriptomics
DCN,0.012570125413442901,0.04819881110201249,proteomics
ANPEP,0.012531321907926258,0.025051806810743434,proteomics
HEPACAM,0.012498825474193124,0.003951789425152307,proteomics
ADM,0.01244174010848263,0.015064667481726501,proteomics
RTTN,0.012438142869912298,4.702034479502631e-4,transcriptomics
HLA-C,0.012331801132480837,0.0033401197696423354,transcriptomics
LOX,0.012301664604193905,0.11602301935268833,proteomics
RELCH,0.012298317843523908,4.3938738699090553e-4,transcriptomics
MYPN,0.012294665149685441,0.21487906826430944,transcriptomics
CLC,0.012124662528753162,0.03432632492312125,proteomics
FIRRE,0.012094659782311877,0.006821815671882763,transcriptomics
ATRX,0.012081522246355277,9.889938288531398e-4,transcriptomics
TTN,0.012075483546089458,0.0645730785372593,transcriptomics
PRPH,0.012042269363884988,0.010153844169133454,proteomics
SBSPON,0.011943966314165121,0.003612965781362879,proteomics
MAOA,0.011943810505318552,0.012820679787979244,proteomics
CAPZB,0.011940312338583501,0.04539897676215568,transcriptomics
ATR,0.01193335712364543,0.1261162029562377,transcriptomics
TSFM,0.011874692431729008,0.003606989305774391,proteomics
NFIX,0.011831092243354423,0.06763605312664409,transcriptomics
POLQ,0.011826140560884978,0.012343033001202833,transcriptomics
NNT,0.011820617399177138,3.49586619005206e-4,transcriptomics
AOAH,0.011808465522861683,0.01883333128566483,transcriptomics
CCNJL,0.011752358349565983,0.0553908534774852,transcriptomics
ASPN,0.01171734701646272,0.16522698415328924,proteomics
PUDP,0.01169869763893973,0.02799327105222786,transcriptomics
EGFR,0.011696038546894104,0.02473114941478366,proteomics;transcriptomics
NFIB,0.01169507295363296,1.8515655211764426e-4,proteomics;transcriptomics
CPM,0.011694813574042041,0.13167601495025985,proteomics;transcriptomics
CAMP,0.011687590521049365,0.056888659129756713,proteomics
ADK,0.011657872710224464,0.11424708617611681,transcriptomics
FANCC,0.011636888375937009,0.0022479232592473196,transcriptomics
PZP,0.011633571366633932,0.021320056682518414,proteomics
MELK,0.011600265175418536,0.012434599334283779,transcriptomics
BANP,0.01155528192034319,0.2691827482591423,transcriptomics
AVEN,0.01151834563881268,0.08984743914682614,transcriptomics
AOPEP,0.011432165169179274,0.0642995773449117,transcriptomics
CHFR,0.011393158796662844,0.05550548406171853,transcriptomics
SVIL,0.011326204834220352,0.1648855119653561,transcriptomics
RICTOR,0.011324042390787466,0.0074000160016558575,transcriptomics
LDAH,0.011315594257716059,0.003512934448215002,transcriptomics
TYMS,0.011312645850608288,0.020891569085850208,proteomics
SCGN,0.01128808854017817,0.01155585322479084,proteomics
JRKL,0.011283029829757754,0.23909984163923026,transcriptomics
TSPEAR,0.011239527221835369,0.22557555434111848,transcriptomics
PIGL,0.011238204251059257,0.05200364789059785,transcriptomics
RBPMS,0.011237421295453288,0.05352127064477818,transcriptomics
LNPEP,0.011231416436116736,1.833974789857655e-4,transcriptomics
TPO,0.011203989846740236,0.004329063655007169,transcriptomics
SGCZ,0.011195155972729447,0.002704993341220664,transcriptomics
AMT,0.011171590567987525,0.0025161762065398405,proteomics
RYK,0.011145542076404976,0.1049413641336212,transcriptomics
ADIRF,0.01113810358009912,0.04208537001130029,proteomics
CLGN,0.01111883623276992,0.026338615171830063,proteomics
LRMDA,0.011106916503238674,0.025499100302199658,transcriptomics
BPI,0.011091886454492685,0.1117121396031946,proteomics
LITAF,0.01108102997489996,0.008482754649401828,proteomics
PREP,0.01105081765352485,8.35344747721164e-5,transcriptomics
DNMBP,0.011035525249834947,0.10727997748295427,transcriptomics
RERGL,0.010986704618521748,0.21995196177130485,transcriptomics
TUBB,0.010899862117264545,0.027723510128281618,transcriptomics
FLNB,0.010883296610388586,0.23523421816645113,transcriptomics
ETFA,0.010826071847834866,0.10358335540259872,transcriptomics
NEB,0.010814813991399596,0.016785670667441303,transcriptomics
GMDS,0.010785144850944414,0.1117757635068107,transcriptomics
CTSG,0.010770356229567447,0.12746175200882934,proteomics
PSPH,0.010762568655737097,0.03132789413108216,proteomics
MIPEP,0.010737749471353124,0.15118966271064094,transcriptomics
BBX,0.010703327194506963,0.0553908534774852,transcriptomics
PTPRM,0.010683307614272556,7.132822536181205e-4,transcriptomics
PTPRB,0.010664191943001165,0.028006716018417626,transcriptomics
FIGN,0.010657153303887352,0.056233848908739725,transcriptomics
PRKCH,0.010613991100227283,0.05303431135989844,transcriptomics
PDGFD,0.01060797641459952,0.1657091988164131,transcriptomics
PTPRJ,0.010595275983794398,0.07989005616692768,transcriptomics
SNRK,0.010591062159133552,0.004346301580594777,transcriptomics
HCCS-DT,0.01056324803818179,0.012390859524762285,transcriptomics
MERTK,0.01055981922260016,0.0701000471553081,transcriptomics
MTBP,0.010559036727997547,0.009652610867407088,transcriptomics
OBSCN,0.010553988151477229,0.027935403387071445,transcriptomics
PRTG,0.010532641744892856,0.017210133913403366,transcriptomics
PDGFDDN,0.010530709943206592,0.11355909353488339,transcriptomics
LDHB,0.010521097485968781,0.014179835517758421,transcriptomics
PXDNL,0.010468906324938163,0.08192077059339758,transcriptomics
CNTLN,0.010460557685044053,0.011645380621191241,transcriptomics
ARSB,0.010458786855929204,0.0083913119618541,transcriptomics
SHD,0.01039726353562933,0.08578724836971867,proteomics
AHSP,0.010265916842393053,0.019159394339567405,proteomics
PKM,0.010157937009180556,0.48546373191450726,transcriptomics
CBS,0.01006828057098156,0.09698819077252387,proteomics
INHCAP,0.010046285985450345,0.058273305624614746,transcriptomics
EGFLAM,0.010041144716890795,0.14789948077916115,transcriptomics
HBM,0.010013325976422361,0.010861945781730971,proteomics
CAPS,0.009921575779966238,0.04806875049746679,proteomics
JPX,0.009871669290145857,0.05109314248907401,transcriptomics
ECPAS,0.009814878391977231,4.164371355515005e-4,transcriptomics
INCENP,0.009786519316740796,0.32155868550660466,proteomics
DSCAM,0.009780998335472418,0.2130190382118745,transcriptomics
SI,0.009749885617336229,0.044013390177861454,transcriptomics
ITK,0.009717610958530382,0.1455317536608162,transcriptomics
SLPI,0.009696117723799823,0.06845987830538627,proteomics
MPO,0.009683685697192612,0.2012121142355409,proteomics
TNN,0.009648799217331376,0.05502521398027141,proteomics
MVP,0.0096171874796264,0.3283918800101815,proteomics
PAM,0.009565412586873765,0.10321991622143309,transcriptomics
STAC,0.009551667575701556,0.04651616368619526,transcriptomics
IQCH,0.009550028694648265,0.16171079810042432,transcriptomics
FYN,0.009523309990776106,0.008745025591353511,transcriptomics
PIGX,0.009498251786170992,0.005223870343429585,transcriptomics
SCD,0.009496608833639123,0.07678152551087779,transcriptomics
PARN,0.009493170611109868,0.36331056110473414,transcriptomics
CENPP,0.009451724650385254,0.018606350511005888,transcriptomics
SHB,0.009451705407552934,0.17188442770949883,transcriptomics
FST,0.009383620348580604,0.07219002804012789,proteomics
MAX,0.00935743574656663,0.43720486478636184,transcriptomics
TMLHE,0.009342959125169583,0.033166996072686014,transcriptomics
ELANE,0.009287138572479061,0.27193079642036183,proteomics
GLDC,0.009186196949324389,0.01991356356550786,transcriptomics
SNCAIP,0.009128340447566597,0.02921874213615542,transcriptomics
CLNK,0.009107685814473335,0.06577249277736395,transcriptomics
CRADD,0.0091059715254012,0.0025703479880579676,transcriptomics
PARAIL,0.009104461481874868,0.009844236813820245,transcriptomics
FAS,0.009065174084851031,0.06424484381093587,proteomics
GOPC,0.009055500486917025,0.00886172440403186,transcriptomics
PRELP,0.009046649953064737,0.20607345072833677,proteomics
PNOC,0.0089821602494939215,0.46688135584203583,proteomics
AGMO,0.008966100110409216,0.023863059006897457,transcriptomics
CPD,0.0089394963083485,0.5062576244903054,transcriptomics
RETN,0.008904152617338925,0.2540618642307639,proteomics
SUGCT,0.008895739080330228,0.030205911159151944,transcriptomics
AR,0.008806357708955473,0.012997111973047879,transcriptomics
HELLPAR,0.008791424712824684,0.03836403382114708,transcriptomics
ARSF,0.008778715878155883,0.08392452154014783,proteomics
SUFU,0.008778534361525881,0.13365385558452136,transcriptomics
OTOF,0.008765419478457196,0.00912577793176448,transcriptomics
PKLR,0.008704453578155656,0.0884170022867019,proteomics
NPEPPS,0.008674675896409708,0.003480913555313459,transcriptomics
CENPV,0.008671847864952911,0.12859990040070712,proteomics
CYRIB,0.008556529145135931,0.006591778470799737,transcriptomics
LYST,0.00854123458280327,0.1414514420486467,transcriptomics
ATRN,0.008519589457006196,0.03964457434713998,transcriptomics
FRYL,0.008493105532965915,0.0976144265434911,transcriptomics
RARB,0.008471953334331673,0.0040637840346483,transcriptomics
MITF,0.008413467424758552,0.0788112748117159,transcriptomics
NUMB,0.008409709538679403,0.87994646269047,transcriptomics
HELLS,0.008360316742815775,0.05200357791820878,transcriptomics
TNIK,0.008355691166305721,0.6406187754352016,transcriptomics
DES,0.008332669422264589,0.04761521319115792,proteomics
EGF,0.008317840532878033,0.25601245274694473,transcriptomics
MGAM,0.008298558855373887,0.17485243784696175,transcriptomics
CDA,0.008296810255010223,0.1712484866193347,proteomics
GNLY,0.008293222988306306,0.02529355530705473,proteomics
ERBIN,0.008290902670750456,0.3642051541593644,transcriptomics
RHOJ,0.008278987988876723,0.1875700014465224,proteomics
GALC,0.008278075815972577,0.37509507957058424,transcriptomics
LRGUK,0.008215419906907162,0.08240330864013892,transcriptomics
FMOD,0.008158565136963034,0.3015825041824977,proteomics
PRCP,0.008120966760559357,0.01960762361891521,transcriptomics
VEGFC,0.008060904595302518,0.5789399616757878,transcriptomics
LRPPRC,0.008025516703715613,0.04241168689413844,transcriptomics
CUBN,0.008017704504714184,0.03914567619188929,transcriptomics
RPTOR,0.007998219577956297,0.006591778470799737,transcriptomics
DMD,0.00799054162936013,0.35927902365439646,transcriptomics
MPDZ,0.007974440463982676,0.6103764769751063,transcriptomics
LPL,0.00796806142733306,0.0298571623365217,proteomics
LRAT,0.007876841765021864,0.24056657990318572,transcriptomics
CREBBP,0.007849362562706822,0.010557042805800186,transcriptomics
PHGDH,0.007774750588442238,0.15734876521348637,proteomics
GSN,0.007770424113252249,0.094418966061955,transcriptomics
HIBADH,0.007665161319889376,0.10841456250303338,transcriptomics
MDK,0.007647872468820168,0.23060267872189422,proteomics
CASK,0.007647735694238948,0.023028940000454325,transcriptomics
HLA-DMA,0.007629670590423257,0.4026840256224139,proteomics
TFPI,0.007608705976318729,0.2685835562627117,transcriptomics
MRTFA,0.0075780378398023675,0.0067932560736751494,transcriptomics
AHRR,0.0075410632447717825,0.18548030343492886,transcriptomics
BICRA,0.007397797850954372,0.024849900802690512,transcriptomics
PTPRA,0.007355647701096361,0.22363589252065907,transcriptomics
FHIT,0.007344127207543616,0.4104910340441256,transcriptomics
HBZ,0.007287047496222744,0.05828878643093963,proteomics
MSRA,0.007285745366191564,0.19463441577073903,transcriptomics
MCU,0.007266645518037983,0.05107401177857137,transcriptomics
MME,0.007254413168793453,0.6630689435164087,transcriptomics
EDARADD,0.007105086379512705,0.4224924642804692,transcriptomics
VWF,0.006999423119932417,0.0788112748117159,transcriptomics
NPNT,0.006992583475667183,0.15783749909850556,transcriptomics
CLOCK,0.006945574515113292,0.011317310237983982,transcriptomics
MYHAS,0.0069084952541052114,0.021355557966128206,transcriptomics
DGLUCY,0.00675820771872458,0.02001226960476394,transcriptomics
ASPH,0.006721323737602201,0.9042831547028365,transcriptomics
PIGK,0.006646500785231466,0.03476843043456495,transcriptomics
MTAP,0.006631471296540046,0.40714173000580983,proteomics;transcriptomics
HOPX,0.0066247589066226725,0.13224068666621544,proteomics
LRBA,0.0065747984569983955,0.364498936154225,transcriptomics
CATSPERB,0.006545154566119842,0.43704883985700205,transcriptomics
OGN,0.006531792362869063,0.6233532335213164,proteomics
HUNK,0.006512313026387334,0.1730129999393877,transcriptomics
PAPPA,0.006502538940366149,0.3747363316524713,transcriptomics
RMST,0.006461476008708728,0.4806399952230144,transcriptomics
HAMP,0.006442647721962242,0.17541807948609223,proteomics
PKIB,0.006437733760868636,0.12210128043385615,transcriptomics
CEMIP,0.006390750248681464,0.6658685084409812,transcriptomics
PARVA,0.006386737974849616,0.9416892067000735,transcriptomics
EMCN,0.006375443396723596,0.043289974954176996,proteomics;transcriptomics
MYRFL,0.006352975354758979,0.16149726587056426,transcriptomics
D-mannose,0.006274186035365402,0.6163899861461998,metabolomics
CBL,0.006247105188997425,0.12120208310860309,transcriptomics
MYZAP,0.006176650272578544,0.292627291247533,transcriptomics
PTPRO,0.006141265693150172,0.23286134111227064,transcriptomics
CLMP,0.006080426064521067,0.736186039235091,transcriptomics
ACACB,0.006077105676501448,0.07974254806871434,transcriptomics
CASR,0.006018549975980673,0.3541207358889359,transcriptomics
AGA-DT,0.006004510556879081,0.6376135179403203,transcriptomics
FRK,0.005996600310996069,0.1584639076593433,transcriptomics
ACOXL,0.005992867191422992,0.2682883271910045,transcriptomics
TBCD,0.005942676167571579,0.3139121788676666,transcriptomics
LEPR,0.005907908584989171,0.024156818011665467,transcriptomics
NINL,0.005875564920795301,0.8772193683996143,transcriptomics
TRAC,0.0058753437881137694,0.41515346882540893,transcriptomics
MEIKIN,0.005807842000725393,0.020410744265695262,transcriptomics
LIPA,0.00578097354447993,0.30074905240691324,transcriptomics
PIR,0.005757488027355831,0.6192935836908792,proteomics;transcriptomics
PRKX,0.005734063803893203,0.04400160381199566,transcriptomics
CLTC,0.005707552960712931,0.01982847812963812,transcriptomics
TNXB,0.005680280841353678,0.43063788950011156,proteomics
ERG,0.005679256358306332,0.3700023110992553,transcriptomics
WDPCP,0.005592621952838603,0.2173144548803801,transcriptomics
CRYAB,0.005566223821244611,0.25948385274839875,proteomics;transcriptomics
HDX,0.005557284140361213,0.13378757845636782,transcriptomics
MFF-DT,0.005550306166410204,0.5787641526800065,transcriptomics
TRDN,0.0055457538572523625,0.6640920984447086,transcriptomics
ARSG,0.00542430034717855,0.06356505079380076,transcriptomics
INMT,0.005383987233617864,0.17908786229488702,proteomics
AGK,0.005358592302823268,0.7865077692616086,transcriptomics
PACRG,0.005338450284189794,0.7936747298995216,transcriptomics
CDYL,0.0053350895971534884,0.1088251912061942,transcriptomics
MAOB,0.005293178742641405,0.4987537284771494,proteomics;transcriptomics
RBKS,0.005272566433540284,0.7456214801501374,transcriptomics
PAWR,0.005212008911336766,0.5482575603541616,transcriptomics
PATJ,0.0052072427998936825,0.8105441383686693,transcriptomics
SELENOP,0.005202841945041205,0.17236812061115908,transcriptomics
GRN,0.005131646692269433,0.40714173000580983,proteomics
TGFA,0.005103714696760902,0.6076272347333709,transcriptomics
TARID,0.005078914634294231,0.1695783207095964,transcriptomics
PLAUR,0.005055765855887746,0.5355516638268487,proteomics
AGPS,0.004975218216312155,0.6744150224485242,transcriptomics
SAMTOR,0.0049662388469620955,0.33214127205634836,transcriptomics
AQR,0.0049624460803587445,0.4329571604916047,transcriptomics
FTX,0.00495123227830671,0.17188442770949883,transcriptomics
CHLSN,0.004920660007726155,0.3686919594512474,transcriptomics
IGKC,0.004908367917889511,0.3522630677892519,transcriptomics
SACS,0.004845370171728282,0.4239127115861987,transcriptomics
DGKG,0.004713487328092382,0.7836770572423127,transcriptomics
HYDIN,0.004688197346592611,0.431790918884529,transcriptomics
MMADHC-DT,0.004672014099510273,0.026560147587490063,transcriptomics
MGMT,0.00464876992187576,0.36098838048337567,transcriptomics
NLN,0.004629797054697145,0.7059887070704414,transcriptomics
HLCS,0.004603899692640592,0.6690518432187472,transcriptomics
PDGFRA,0.004591302665077625,0.24484315180244193,proteomics;transcriptomics
MYLK,0.0045725256556967565,0.5779764638765342,transcriptomics
RORA,0.0045705929340482685,0.012131051567619112,transcriptomics
OMD,0.004542341377744093,0.7812115498625942,proteomics
APP,0.00448000517880069,0.1283717070961363,transcriptomics
TEC,0.004434916972065349,0.8265361112713635,transcriptomics
RBPJ,0.00442322550410529,0.4654807734024923,transcriptomics
GLCE,0.004340200015306175,0.24521209202398733,transcriptomics
LCORL,0.0043032877444322245,0.35802135143367314,transcriptomics
ITCH,0.00423573688320617,0.9720044337436576,transcriptomics
HELZ,0.004224315767249848,0.8456521285341528,transcriptomics
NRK,0.004214576968729209,0.6838380387376991,transcriptomics
DNER,0.004194723890045025,0.7374291753897365,transcriptomics
RIMKLB,0.004099036648510858,0.045982354596763426,transcriptomics
RXRA,0.00405750054160542,0.4370450366775578,transcriptomics
ESRRB,0.004053653248650886,0.1987988103912607,transcriptomics
PPL,0.004028789744316322,0.7589906290707215,proteomics
PRANCR,0.004013234227457474,0.7311661671023112,transcriptomics
QKI,0.003975106313098517,0.11500976149460074,transcriptomics
HGF,0.003924141408678173,0.12864886191027988,proteomics
PRLR,0.003923617662020841,0.8549326452729982,transcriptomics
IQCK,0.0038959172923334327,0.5529843653627428,transcriptomics
CLYBL,0.0038280156653332236,0.5007216434345653,transcriptomics
FRZB,0.0037755389028335095,0.35169134854881573,proteomics
CALCB,0.003767006658169828,0.32099710024692724,transcriptomics
L-tyrosine,0.0037541339556465296,0.9990406846443468,metabolomics
MET,0.0037528708239878646,0.7714724632080746,transcriptomics
DYSF,0.0037504022324040395,0.606904179568746,transcriptomics
XIST,0.0036870544256725536,0.7858626349806007,transcriptomics
MB,0.003681098199859052,0.6462219117126172,proteomics
LIPI,0.003674657503778278,0.575288909895034,transcriptomics
EMSY,0.0034950581349643016,0.4126258868093436,transcriptomics
ATOSA,0.0034482321678140516,0.9394184331307759,transcriptomics
PTGES,0.0034315658994031493,0.8986702423984705,proteomics
CRACD,0.0033782437249495075,0.35002776418270815,transcriptomics
TBCK,0.0033452943386675766,0.42092680147605327,transcriptomics
PHKB,0.003315756050837656,0.5667029059145402,transcriptomics
CRP,0.0033108186219511647,0.11219179905354783,proteomics
ALK,0.003282965597174146,0.33326098463488424,transcriptomics
SVOPL,0.0032300165880711925,0.7865077692616086,transcriptomics
BCKDHB,0.0032215135368940024,0.6647248241313963,transcriptomics
VIT,0.0032087900414158902,0.824542734667475,transcriptomics
HEPH,0.0031612838474410774,0.7235521269125617,transcriptomics
KIZ,0.0031592403311951163,0.5508047896750028,proteomics;transcriptomics
TEK,0.003141917342334755,0.4158968735036945,transcriptomics
IGHM,0.0031096362764281744,0.3832686211585732,transcriptomics
NBAS,0.0031087366275974917,0.40989311510302234,transcriptomics
WWOX,0.0030933557170329546,0.18226564806549536,transcriptomics
MECOM,0.00304836427145165,0.1994174828105413,transcriptomics
MGARP,0.00298297465154346,0.8992269693095508,proteomics
BAALC,0.0029697924041179116,0.6071456167662649,transcriptomics
PTGFR,0.002905416165398947,0.9696768658822129,transcriptomics
MYOCD,0.0028857729103914944,0.5285922092937756,transcriptomics
CAMKMT,0.0028425622421272695,0.7518415177712994,transcriptomics
TYR,0.0028321404652780872,0.910967868498808,transcriptomics
INTU,0.0028040857659215753,0.4505535753842548,transcriptomics
KATNIP,0.002776782317558036,0.2175599663853496,transcriptomics
PHIP,0.002762867532225129,0.30015147998982666,transcriptomics
CHAT,0.002757879604343382,0.5310059978020791,proteomics
AFDN,0.0027451060131703253,0.7235622911500532,transcriptomics
LIFR,0.0026968648696165942,0.3511146337759142,transcriptomics
PTPRG,0.0026924341047762364,0.4063255880546299,transcriptomics
COBL,0.0026504028137655624,0.6979920676953717,transcriptomics
TSHR,0.0025963163428969777,0.4948343543170785,transcriptomics
DST,0.0025743969572361966,0.4776473205714387,transcriptomics
NHS,0.0024837594194876554,0.6937758437220376,transcriptomics
PICALM,0.002479248466768081,0.7858626349806007,transcriptomics
ITPKB,0.0024357805096628096,0.7240771605064491,transcriptomics
LINC-PINT,0.0023145865333949775,0.644878643771437,transcriptomics
DCX,0.0023107604145107454,0.47432559731395707,proteomics;transcriptomics
OGDH,0.0022662747891173895,0.5889972951465771,transcriptomics
FGGY,0.0022645692868593346,0.8966241367615,transcriptomics
INSC,0.002236432916996518,0.5192257049176789,transcriptomics
CHODL,0.002179403331785186,0.40531101539259146,transcriptomics
DDC,0.0021666171491995065,0.9551757157572808,transcriptomics
MAILR,0.0021501746645706207,0.6265492111377441,transcriptomics
APLNR,0.002112030752254186,0.4307129363667694,proteomics
MTOR,0.002065306235786006,0.7574606631098035,transcriptomics
MTREX,0.0020480074897266387,0.7595562631806116,transcriptomics
EPCAM-DT,0.00203884422711944,0.06643080625759176,transcriptomics
ADGB,0.002033892129388054,0.5601718488082421,transcriptomics
CDON,0.0020324284899223754,0.7765083529342569,transcriptomics
RALGAPB,0.0020069525800947992,0.7056837571742394,transcriptomics
PTPRQ,0.0019968260341895624,0.7887252755969357,transcriptomics
CTDSPL,0.0019826244395804086,0.6787169416961578,transcriptomics
HIBCH,0.0019634131942810455,0.47423054014405996,transcriptomics
FER,0.001936085088097108,0.982848553205367,transcriptomics
capricacid,0.0019135054306543037,0.7890998108373071,metabolomics
IDE,0.0019130851307644484,0.8587351742132764,transcriptomics
MUSK,0.0018422258088698783,0.62276233790069635,transcriptomics
PDYN,0.001826611181354294,0.35767148798439485,proteomics
INSR,0.0017999335206067735,0.9145726557268891,transcriptomics
TNKS,0.0017931150364900689,0.7196166374914846,transcriptomics
NREP,0.0017141633900753612,0.8371710584425722,transcriptomics
SCEL,0.0017112513976482104,0.6952261626861379,transcriptomics
GCLC,0.001632452087851789,0.9528725760843669,transcriptomics
NFIC,0.001606867316947379,0.15329704528262103,transcriptomics
SNRPE,0.0015040507562810446,0.36228707025384915,proteomics
PPARA,0.001502963565970113,0.8922124171828503,transcriptomics
EDAR,0.0015009404822199192,0.48067999691281454,transcriptomics
HIRA,0.0014725359162309048,0.980596856643935,transcriptomics
CERKL,0.0013532680752288736,0.7681929666869642,transcriptomics
CALCR,0.0012710972425074615,0.7216891797538572,transcriptomics
KAZN,0.0012079897164861142,0.8520765994803645,transcriptomics
BCOR,0.0011640877070095237,0.42933774904067623,transcriptomics
HHAT,0.0011319044865024596,0.4047578376270335,transcriptomics
SPIDR,0.0011082177483547988,0.13378757845636782,transcriptomics
BPTF,0.001083311963324416,0.9073018764844472,transcriptomics
CFTR,0.0010092419653563336,0.7715194104195278,transcriptomics
UST,9.86497648571822e-4,0.16456955566409448,transcriptomics
UTY,9.660063436014095e-4,0.8212864472013454,transcriptomics
NXN,9.395848019490964e-4,0.7269978475956576,transcriptomics
HHIP,9.265745098761646e-4,0.5524376228995277,transcriptomics
ALDOA,8.578488358567605e-4,0.24699841615915857,transcriptomics
CLTA,8.56208962253388e-4,0.4976464216453767,transcriptomics
WHRN,8.545776255982578e-4,0.9597377564958643,transcriptomics
IQCM,8.365300591985714e-4,0.42287043490337634,transcriptomics
PLEC,8.165919300690878e-4,0.3317512377235264,transcriptomics
DGKK,8.153603084447511e-4,0.4381309231025366,transcriptomics
PDGFA,7.681859209442267e-4,0.6819447837117326,proteomics
PTPRF,7.534981990987622e-4,0.6142111923021683,transcriptomics
PRKY,7.527840009797966e-4,0.9549379293422802,transcriptomics
BDNF-AS,7.38964264497259e-4,0.3532557408191671,transcriptomics
NUBPL,7.316194970627428e-4,0.7301732113116348,transcriptomics
DROSHA,6.956031469954163e-4,0.36746869450468883,transcriptomics
OTOG,6.709854453792022e-4,0.7012124138581122,transcriptomics
XACT,6.363044675840367e-4,0.3700023110992553,transcriptomics
QPRT,6.082446588518979e-4,0.6826565182162468,proteomics
SLMAP,6.054855695682396e-4,0.1788099334572962,transcriptomics
CORIN,5.752674867657847e-4,0.1113635079192055,transcriptomics
PPARG,5.249595597640727e-4,0.40278196558084817,transcriptomics
ZFAT,3.306343664823105e-4,0.3803827952403576,transcriptomics
GHR,2.9383662707910594e-4,0.9931599037793036,transcriptomics
EDNRB,2.8868546558654296e-4,0.43600917642862796,proteomics
DMGDH,2.487610551861677e-4,0.9929269174375565,transcriptomics
MGA,2.2856915175598858e-4,0.8750583299753547,transcriptomics
TECRL,2.0289727641611095e-4,0.9336285245987862,transcriptomics
EYS,1.8595067481980084e-4,0.6711006357299877,transcriptomics
LIPC,1.781517331809522e-4,0.984606158236632,transcriptomics
CROCC,1.3397411177230642e-4,0.7942199530115422,transcriptomics
CLPB,1.2649760030170498e-4,0.9933686072818593,transcriptomics
MSLN,6.792998470054159e-5,0.9778232077771456,transcriptomics
EDA,6.140914323745657e-5,0.558977435922615,transcriptomics
NIN,5.45138299452464e-5,0.8878062569447713,transcriptomics
